{
  "gpu": "graphics processor",
  "ml": "machine learning",
  "ai": "artificial intelligence",
  "llm": "large language model",
  "nn": "neural network",
  "dnn": "deep neural network",
  "cnn": "convolutional neural network",
  "rnn": "recurrent neural network",
  "nlp": "natural language processing",
  "cv": "computer vision",
  "rl": "reinforcement learning",
  "gan": "generative adversarial network",
  "vae": "variational autoencoder",
  "bert": "bidirectional encoder representations from transformers",
  "gpt": "generative pre-trained transformer",
  "api": "application programming interface",
  "ui": "user interface",
  "ux": "user experience",
  "cli": "command line interface",
  "gui": "graphical user interface",
  "os": "operating system",
  "db": "database",
  "sql": "structured query language",
  "nosql": "not only sql",
  "rest": "representational state transfer",
  "http": "hypertext transfer protocol",
  "https": "hypertext transfer protocol secure",
  "ssl": "secure sockets layer",
  "tls": "transport layer security",
  "vpc": "virtual private cloud",
  "ec2": "elastic compute cloud",
  "s3": "simple storage service",
  "rds": "relational database service",
  "iam": "identity and access management",
  "cdn": "content delivery network",
  "dns": "domain name system",
  "tcp": "transmission control protocol",
  "udp": "user datagram protocol",
  "ip": "internet protocol",
  "vm": "virtual machine",
  "k8s": "kubernetes",
  "ci": "continuous integration",
  "cd": "continuous deployment",
  "ci/cd": "continuous integration and deployment",
  "devops": "development operations",
  "sre": "site reliability engineering",
  "apm": "application performance monitoring",
  "kpi": "key performance indicator",
  "sla": "service level agreement",
  "slo": "service level objective",
  "sli": "service level indicator",
  "poc": "proof of concept",
  "mvp": "minimum viable product",
  "roi": "return on investment",
  "b2b": "business to business",
  "b2c": "business to consumer",
  "saas": "software as a service",
  "paas": "platform as a service",
  "iaas": "infrastructure as a service",
  "faas": "function as a service",
  "baas": "backend as a service",
  "iot": "internet of things",
  "ar": "augmented reality",
  "vr": "virtual reality",
  "xr": "extended reality",
  "mr": "mixed reality",
  "qa": "quality assurance",
  "qe": "quality engineering",
  "pr": "pull request",
  "mr": "merge request",
  "ide": "integrated development environment",
  "sdk": "software development kit",
  "jdk": "java development kit",
  "jvm": "java virtual machine",
  "jre": "java runtime environment",
  "npm": "node package manager",
  "pip": "pip installs packages",
  "ram": "random access memory",
  "rom": "read only memory",
  "cpu": "central processing unit",
  "ssd": "solid state drive",
  "hdd": "hard disk drive",
  "raid": "redundant array of independent disks",
  "nas": "network attached storage",
  "san": "storage area network",
  "wan": "wide area network",
  "lan": "local area network",
  "wlan": "wireless local area network",
  "vpn": "virtual private network",
  "rbac": "role based access control",
  "mfa": "multi factor authentication",
  "2fa": "two factor authentication",
  "sso": "single sign on",
  "jwt": "json web token",
  "oauth": "open authorization",
  "saml": "security assertion markup language",
  "ldap": "lightweight directory access protocol",
  "ad": "active directory",
  "acl": "access control list",
  "waf": "web application firewall",
  "ddos": "distributed denial of service",
  "xss": "cross site scripting",
  "csrf": "cross site request forgery",
  "sqli": "sql injection",
  "mitm": "man in the middle",
  "dos": "denial of service",
  "apt": "advanced persistent threat",
  "cve": "common vulnerabilities and exposures",
  "gdpr": "general data protection regulation",
  "pii": "personally identifiable information",
  "phi": "protected health information",
  "pci": "payment card industry",
  "sox": "sarbanes oxley",
  "hipaa": "health insurance portability and accountability act",
  "iso": "international organization for standardization",
  "nist": "national institute of standards and technology",
  "owasp": "open web application security project",
  "lfm": "large foundation model",
  "llama": "large language model meta ai",
  "claude": "anthropic ai assistant",
  "chatgpt": "chat generative pre-trained transformer",
  "dall-e": "ai image generation model",
  "stable diffusion": "text to image diffusion model",
  "midjourney": "ai art generation platform",
  "embeddings": "vector representations",
  "tokenizer": "text tokenization tool",
  "transformer": "attention based neural architecture",
  "attention": "attention mechanism",
  "lstm": "long short term memory",
  "gru": "gated recurrent unit",
  "adam": "adaptive moment estimation",
  "sgd": "stochastic gradient descent",
  "rmsprop": "root mean square propagation",
  "relu": "rectified linear unit",
  "sigmoid": "sigmoid activation function",
  "tanh": "hyperbolic tangent",
  "softmax": "softmax activation function",
  "dropout": "dropout regularization",
  "batchnorm": "batch normalization",
  "layernorm": "layer normalization",
  "resnet": "residual network",
  "unet": "u shaped network",
  "yolo": "you only look once",
  "rcnn": "region based cnn",
  "svm": "support vector machine",
  "knn": "k nearest neighbors",
  "pca": "principal component analysis",
  "tsne": "t distributed stochastic neighbor embedding",
  "umap": "uniform manifold approximation and projection",
  "mse": "mean squared error",
  "mae": "mean absolute error",
  "rmse": "root mean squared error",
  "auc": "area under curve",
  "roc": "receiver operating characteristic",
  "f1": "f1 score",
  "map": "mean average precision",
  "iou": "intersection over union",
  "nms": "non maximum suppression",
  "onnx": "open neural network exchange",
  "tensorrt": "tensor runtime",
  "cuda": "compute unified device architecture",
  "cudnn": "cuda deep neural network",
  "mkl": "math kernel library",
  "blas": "basic linear algebra subprograms",
  "lapack": "linear algebra package",
  "hpc": "high performance computing",
  "mpi": "message passing interface",
  "openmp": "open multi processing",
  "simd": "single instruction multiple data",
  "avx": "advanced vector extensions",
  "sse": "streaming simd extensions",
  "risc": "reduced instruction set computer",
  "cisc": "complex instruction set computer",
  "arm": "advanced risc machine",
  "x86": "x86 architecture",
  "x64": "x86-64 architecture",
  "wasm": "webassembly",
  "jit": "just in time",
  "aot": "ahead of time",
  "gc": "garbage collection",
  "oom": "out of memory",
  "segfault": "segmentation fault",
  "stackoverflow": "stack overflow",
  "nullptr": "null pointer",
  "mutex": "mutual exclusion",
  "semaphore": "synchronization primitive",
  "deadlock": "circular wait condition",
  "livelock": "continuous state change without progress",
  "raceCondition": "race condition",
  "atomicOp": "atomic operation",
  "cas": "compare and swap",
  "lockfree": "lock free programming",
  "waitfree": "wait free algorithm",
  "threadpool": "thread pool",
  "eventloop": "event loop",
  "callback": "callback function",
  "promise": "promise object",
  "async": "asynchronous",
  "await": "await operator",
  "coroutine": "coroutine function",
  "generator": "generator function",
  "iterator": "iterator pattern",
  "observable": "observable pattern",
  "pubsub": "publish subscribe",
  "eventbus": "event bus pattern",
  "singleton": "singleton pattern",
  "factory": "factory pattern",
  "adapter": "adapter pattern",
  "decorator": "decorator pattern",
  "facade": "facade pattern",
  "proxy": "proxy pattern",
  "mvc": "model view controller",
  "mvvm": "model view viewmodel",
  "mvp": "model view presenter",
  "ddd": "domain driven design",
  "tdd": "test driven development",
  "bdd": "behavior driven development",
  "atdd": "acceptance test driven development",
  "unittest": "unit testing",
  "integrationtest": "integration testing",
  "e2e": "end to end",
  "smoke": "smoke testing",
  "regression": "regression testing",
  "loadtest": "load testing",
  "stresstest": "stress testing",
  "pentest": "penetration testing",
  "fuzzing": "fuzz testing",
  "mocking": "mock objects",
  "stubbing": "stub methods",
  "fixture": "test fixture",
  "assertion": "test assertion",
  "coverage": "code coverage",
  "linting": "code linting",
  "formatting": "code formatting",
  "refactoring": "code refactoring",
  "codesmell": "code smell",
  "technicaldebt": "technical debt",
  "antipattern": "anti pattern",
  "bestpractice": "best practice",
  "solid": "solid principles",
  "dry": "dont repeat yourself",
  "kiss": "keep it simple stupid",
  "yagni": "you arent gonna need it",
  "poc": "proof of concept",
  "spike": "technical spike",
  "backlog": "product backlog",
  "sprint": "development sprint",
  "scrum": "scrum methodology",
  "kanban": "kanban methodology",
  "agile": "agile methodology",
  "waterfall": "waterfall methodology",
  "standup": "daily standup",
  "retrospective": "sprint retrospective",
  "grooming": "backlog grooming",
  "estimation": "effort estimation",
  "velocity": "team velocity",
  "burndown": "burndown chart",
  "epic": "large user story",
  "userstory": "user story",
  "acceptance": "acceptance criteria",
  "dod": "definition of done",
  "sor": "statement of requirements",
  "rfp": "request for proposal",
  "rfi": "request for information",
  "sow": "statement of work",
  "brd": "business requirements document",
  "prd": "product requirements document",
  "trd": "technical requirements document",
  "api doc": "api documentation",
  "readme": "readme file",
  "changelog": "change log",
  "license": "software license",
  "mit": "mit license",
  "gpl": "general public license",
  "apache": "apache license",
  "bsd": "berkeley software distribution",
  "cc": "creative commons",
  "oss": "open source software",
  "foss": "free and open source software",
  "proprietary": "proprietary software",
  "cots": "commercial off the shelf",
  "vendor": "software vendor",
  "3rdparty": "third party",
  "dependency": "software dependency",
  "vulnerability": "security vulnerability",
  "patch": "software patch",
  "hotfix": "emergency fix",
  "rollback": "deployment rollback",
  "bluegreen": "blue green deployment",
  "canary": "canary deployment",
  "featureflag": "feature flag",
  "toggle": "feature toggle",
  "darklaunch": "dark launch",
  "abtest": "a/b testing",
  "multivariant": "multivariate testing",
  "analytics": "data analytics",
  "telemetry": "application telemetry",
  "metrics": "performance metrics",
  "logging": "application logging",
  "tracing": "distributed tracing",
  "profiling": "performance profiling",
  "debugging": "code debugging",
  "breakpoint": "debug breakpoint",
  "watchpoint": "memory watchpoint",
  "stacktrace": "stack trace",
  "coredump": "core dump",
  "heapdump": "heap dump",
  "memoryleak": "memory leak",
  "cpuprofile": "cpu profile",
  "flamegraph": "flame graph",
  "benchmark": "performance benchmark",
  "latency": "response latency",
  "throughput": "request throughput",
  "bandwidth": "network bandwidth",
  "qos": "quality of service",
  "sre": "site reliability engineering",
  "chaos": "chaos engineering",
  "postmortem": "incident postmortem",
  "runbook": "operational runbook",
  "playbook": "incident playbook",
  "oncall": "on call rotation",
  "pager": "pager duty",
  "alert": "monitoring alert",
  "dashboard": "metrics dashboard",
  "healthcheck": "health check endpoint",
  "heartbeat": "service heartbeat",
  "timeout": "request timeout",
  "retry": "retry logic",
  "backoff": "exponential backoff",
  "circuitbreaker": "circuit breaker pattern",
  "bulkhead": "bulkhead pattern",
  "ratelimit": "rate limiting",
  "throttle": "request throttling",
  "quota": "usage quota",
  "cache": "data cache",
  "cdn": "content delivery network",
  "edge": "edge computing",
  "fog": "fog computing",
  "cloud": "cloud computing",
  "hybrid": "hybrid cloud",
  "multicloud": "multi cloud",
  "onprem": "on premises",
  "datacenter": "data center",
  "colocation": "colocation facility",
  "rack": "server rack",
  "blade": "blade server",
  "hypervisor": "virtualization hypervisor",
  "container": "software container",
  "docker": "docker container",
  "kubernetes": "container orchestration",
  "pod": "kubernetes pod",
  "node": "cluster node",
  "cluster": "compute cluster",
  "orchestration": "service orchestration",
  "scheduler": "task scheduler",
  "queue": "message queue",
  "broker": "message broker",
  "topic": "message topic",
  "partition": "data partition",
  "shard": "database shard",
  "replica": "data replica",
  "consistency": "data consistency",
  "availability": "service availability",
  "partition tolerance": "network partition tolerance",
  "cap theorem": "consistency availability partition tolerance",
  "acid": "atomicity consistency isolation durability",
  "base": "basically available soft state eventual consistency",
  "2pc": "two phase commit",
  "3pc": "three phase commit",
  "paxos": "paxos consensus",
  "raft": "raft consensus",
  "gossip": "gossip protocol",
  "quorum": "quorum consensus",
  "consensus": "distributed consensus",
  "coordination": "distributed coordination",
  "lock": "distributed lock",
  "transaction": "distributed transaction",
  "saga": "saga pattern",
  "cqrs": "command query responsibility segregation",
  "eventsourcing": "event sourcing",
  "eventstore": "event store",
  "projection": "event projection",
  "snapshot": "aggregate snapshot",
  "aggregate": "domain aggregate",
  "entity": "domain entity",
  "valueobject": "value object",
  "repository": "repository pattern",
  "service": "domain service",
  "usecase": "use case",
  "interactor": "use case interactor",
  "presenter": "response presenter",
  "gateway": "data gateway",
  "mapper": "data mapper",
  "dto": "data transfer object",
  "vo": "value object",
  "po": "persistent object",
  "dao": "data access object",
  "orm": "object relational mapping",
  "odm": "object document mapping",
  "activerecord": "active record pattern",
  "datamapper": "data mapper pattern",
  "unitofwork": "unit of work pattern",
  "lazyload": "lazy loading",
  "eagerload": "eager loading",
  "nplusone": "n+1 query problem",
  "join": "database join",
  "index": "database index",
  "btree": "b tree index",
  "hash": "hash index",
  "fulltext": "full text search",
  "facet": "search facet",
  "filter": "search filter",
  "sort": "result sorting",
  "pagination": "result pagination",
  "cursor": "cursor pagination",
  "offset": "offset pagination",
  "limit": "result limit",
  "batch": "batch processing",
  "stream": "stream processing",
  "pipeline": "data pipeline",
  "etl": "extract transform load",
  "elt": "extract load transform",
  "dataflow": "data flow",
  "workflow": "workflow engine",
  "dag": "directed acyclic graph",
  "job": "batch job",
  "task": "processing task",
  "worker": "task worker",
  "scheduler": "job scheduler",
  "cron": "cron expression",
  "trigger": "job trigger",
  "webhook": "web hook",
  "callback": "callback url",
  "notification": "push notification",
  "email": "email notification",
  "sms": "sms notification",
  "push": "push notification",
  "realtime": "real time processing",
  "streaming": "data streaming",
  "websocket": "websocket connection",
  "sse": "server sent events",
  "longpolling": "long polling",
  "comet": "comet technique",
  "grpc": "google remote procedure call",
  "graphql": "graph query language",
  "rest": "representational state transfer",
  "soap": "simple object access protocol",
  "rpc": "remote procedure call",
  "api": "application programming interface",
  "endpoint": "api endpoint",
  "resource": "api resource",
  "method": "http method",
  "status": "http status",
  "header": "http header",
  "body": "request body",
  "payload": "message payload",
  "response": "api response",
  "request": "api request",
  "middleware": "request middleware",
  "interceptor": "request interceptor",
  "filter": "request filter",
  "handler": "request handler",
  "controller": "api controller",
  "route": "api route",
  "router": "api router",
  "gateway": "api gateway",
  "proxy": "reverse proxy",
  "loadbalancer": "load balancer",
  "healthcheck": "health check",
  "sticky": "sticky session",
  "affinity": "session affinity",
  "roundrobin": "round robin",
  "leastconn": "least connections",
  "weighted": "weighted distribution",
  "failover": "automatic failover",
  "ha": "high availability",
  "dr": "disaster recovery",
  "backup": "data backup",
  "restore": "data restore",
  "snapshot": "backup snapshot",
  "incremental": "incremental backup",
  "differential": "differential backup",
  "full": "full backup",
  "archive": "data archive",
  "retention": "data retention",
  "lifecycle": "data lifecycle",
  "tiering": "storage tiering",
  "hot": "hot storage",
  "warm": "warm storage",
  "cold": "cold storage",
  "glacier": "glacier storage",
  "object": "object storage",
  "block": "block storage",
  "file": "file storage",
  "nas": "network attached storage",
  "san": "storage area network",
  "das": "direct attached storage",
  "raid": "redundant array of independent disks",
  "stripe": "data striping",
  "mirror": "data mirroring",
  "parity": "parity data",
  "erasure": "erasure coding",
  "replication": "data replication",
  "sync": "synchronous replication",
  "async": "asynchronous replication",
  "quorum": "quorum replication",
  "masterless": "masterless replication",
  "masterslave": "master slave replication",
  "multimaster": "multi master replication",
  "activestanby": "active standby",
  "activeactive": "active active",
  "readreplica": "read replica",
  "writethrough": "write through cache",
  "writeback": "write back cache",
  "writearound": "write around cache",
  "ttl": "time to live",
  "lru": "least recently used",
  "lfu": "least frequently used",
  "fifo": "first in first out",
  "lifo": "last in first out",
  "priority": "priority queue",
  "heap": "heap data structure",
  "stack": "stack data structure",
  "queue": "queue data structure",
  "linkedlist": "linked list",
  "array": "array data structure",
  "hashtable": "hash table",
  "tree": "tree data structure",
  "graph": "graph data structure",
  "trie": "trie data structure",
  "bloom": "bloom filter",
  "skiplist": "skip list",
  "redblack": "red black tree",
  "avl": "avl tree",
  "bst": "binary search tree",
  "heap": "heap tree",
  "dfs": "depth first search",
  "bfs": "breadth first search",
  "dijkstra": "dijkstra algorithm",
  "astar": "a star algorithm",
  "sort": "sorting algorithm",
  "search": "search algorithm",
  "hash": "hash function",
  "encrypt": "encryption algorithm",
  "decrypt": "decryption algorithm",
  "symmetric": "symmetric encryption",
  "asymmetric": "asymmetric encryption",
  "publickey": "public key",
  "privatekey": "private key",
  "certificate": "digital certificate",
  "ca": "certificate authority",
  "pki": "public key infrastructure",
  "signature": "digital signature",
  "hash": "cryptographic hash",
  "salt": "password salt",
  "pepper": "password pepper",
  "bcrypt": "bcrypt hashing",
  "argon2": "argon2 hashing",
  "pbkdf2": "password based key derivation function 2",
  "scrypt": "scrypt hashing",
  "sha": "secure hash algorithm",
  "md5": "message digest 5",
  "aes": "advanced encryption standard",
  "rsa": "rivest shamir adleman",
  "ecc": "elliptic curve cryptography",
  "dh": "diffie hellman",
  "ecdh": "elliptic curve diffie hellman",
  "hmac": "hash based message authentication code",
  "prng": "pseudo random number generator",
  "trng": "true random number generator",
  "entropy": "randomness entropy",
  "seed": "random seed",
  "nonce": "number used once",
  "iv": "initialization vector",
  "kdf": "key derivation function",
  "keystore": "key storage",
  "hsm": "hardware security module",
  "tpm": "trusted platform module",
  "enclave": "secure enclave",
  "tee": "trusted execution environment",
  "sgx": "software guard extensions",
  "sev": "secure encrypted virtualization",
  "nitro": "aws nitro enclaves"
}
